"english","part_of_speech"
"abandon","n./v."
"abandonment","n."
"abbreviation","n."
"abiding","adj."
"aboard","adv./prep."
"abolish","v."
"absence","n."
"absurdity","n."
"abundance","n."
"abusive","adj."
"accelerate","v."
"accessible","adj."
"accession","n./v."
"accessory","n./adj."
"accomplish","v."
"accordingly","adv."
"accountant","n."
"accuse","v."
"acid","n./adj."
"acoustics","n."
"acquisition","n."
"acronym","n."
"acupuncture","n./v."
"addiction","n."
"adequate","adj."
"adjust","v."
"administrative","adj."
"adolescent","n./adj."
"adrenaline","n."
"aerospace","n."
"aesthetic","n./adj."
"affective","adj."
"afflict","v."
"agonizing","adj."
"aircraft","n."
"alas","n./adv./interj."
"albeit","conj."
"album","n."
"algorithm","n."
"alien","n./v./adj."
"allegation","n."
"allegory","n."
"allure","n./v."
"alongside","adv./prep."
"alter","v."
"amazement","n."
"amid","prep."
"amplify","v."
"analysis","n."
"analyze","v."
"ancestor","n."
"ancestral","adj."
"anthropologist","n."
"antibiotic","n./adj."
"anticipation","n."
"antidote","n."
"ape","n./v."
"Appalachia","n."
"apparel","n./v."
"appearance","n."
"application","n."
"aqueous","adj."
"arch","n./v./adj."
"armchair","n."
"arouse","v."
"artefact","n."
"artificial","adj."
"artistic","adj."
"aspiration","n."
"assemble","v."
"assignment","n."
"assist","n./v."
"assistance","n."
"Assyria","n."
"astrobiology","n."
"attentive","adj."
"attorney","n."
"attractive","adj."
"attribute","n./v."
"auction","n./v."
"audible","n./adj."
"authentically","adv."
"autobiography","n."
"automate","v."
"automatic","n./adj."
"autonomous","adj."
"avant-garde","n./adj."
"aviator","n."
"avocado","n./adj."
"awe","n./v."
"axial","adj."
"axis","n."
"B.C.E","abbr."
"babushka","n."
"backfire","n./v."
"bare","v./adj."
"barrier","n."
"behold","v."
"belly","n./v."
"besides","adv./prep."
"bespeak","n./v."
"betrayal","n."
"bias","n./v./adj./adv."
"bibliotherapist","n."
"binding","n./adj."
"biochemical","adj."
"biological","adj."
"biometric","adj."
"birch","n./v."
"blanket","n./v./adj."
"bleak","adj."
"blessing","n."
"bloom","n./v."
"blossom","n./v."
"blur","n./v."
"blurred","adj."
"boost","n./v."
"bosom","n./v."
"botany","n."
"bounce","n./v."
"boundary","n."
"breakthrough","n."
"breathtaking","adj."
"breed","n./v."
"broaden","v."
"broccoli","n."
"Brown","n./v./adj."
"brutal","adj."
"Buddhist","n./adj."
"Bulgaria","n."
"bulldozer","n."
"bump","n./v."
"bun","n."
"burgeon","n./v."
"burglar","n."
"Byker","n."
"byproduct","n."
"cabin","n./v."
"cabinet","n./adj."
"cafeteria","n."
"calculate","v."
"calculus","n."
"calix","n."
"canned","adj."
"canteen","n."
"capability","n."
"capacity","n."
"capitalism","n."
"capitalistic","adj."
"caravan","n./v."
"cardiac","n./adj."
"casual","n./adj."
"catalogue","n./v."
"catapult","n./v."
"catastrophic","adj."
"cathedral","n./adj."
"caution","n./v."
"celebration","n."
"cellular","adj."
"Cévennes","n."
"challenging","adj."
"chambermaid","n."
"championship","n."
"charm","n./v."
"cherish","v."
"chestnut","n./adj."
"childlike","adj."
"cicada","n."
"circulation","n."
"civilization","n."
"clasp","n./v."
"classic","n./adj."
"classical","adj."
"classification","n."
"clear-cut","v./adj."
"climatic","adj."
"clone","n./v."
"closely","adv."
"clutch","n./v."
"co-worker","n."
"coalesce","v."
"coastal","adj."
"cod","n./v."
"codger","n."
"coexist","v."
"coherent","adj."
"coincidence","n."
"collaborate","v."
"collaboration","n."
"collapse","n./v."
"collective","n./adj."
"combination","n."
"command","n./v."
"commencement","n."
"commodity","n."
"commonplace","n./adj."
"companionship","n."
"comparative","n./adj."
"compassion","n."
"compassionate","v./adj."
"complement","n./v."
"complementary","adj."
"compose","v."
"composedly","adv."
"comprehend","v."
"comprehension","n."
"computational","adj."
"conceal","v."
"conceive","v."
"conceptual","adj."
"concerted","adj."
"conducive","adj."
"confess","v."
"confession","n."
"confident","adj."
"confines","n."
"confirmation","n."
"confront","v."
"connectedness","n."
"conqueror","n."
"conscience","n."
"consciousness","n."
"consecutive","adj./adv."
"consensus","n."
"consequently","adv."
"conservation","n."
"conservatism","n."
"conservative","n./adj."
"conserve","n./v."
"considerable","adj."
"considerably","adv."
"console","n./v."
"conspire","v."
"Constantinople","n."
"constrain","v."
"constraint","n."
"consumption","n."
"contemplate","v."
"contextual","adj."
"continually","adv."
"contour","n./v./adj."
"convention","n."
"conventional","adj."
"cope","n./v."
"Copenhagen","n."
"cord","n."
"corporate","adj."
"corporation","n."
"corporeal","adj."
"cosmetic","n./adj."
"costume","n."
"couture","n."
"crack","n./v./adj./adv."
"cracked","v./adj."
"craft","n./v."
"cram","n./v."
"cramp","n./v./adj."
"craving","n."
"craze","n./v."
"creep","n./v."
"crimson","n./v./adj."
"critic","n."
"criticism","n."
"crowdfunding","n."
"crunch","n./v."
"cubicle","n."
"cucumber","n."
"cuisine","n."
"cultivate","v."
"cultured","v./adj."
"curate","n."
"curiosity","n."
"curve","n./v."
"cushion","n./v."
"CV","n./adj./abbr."
"cyberbullying","n."
"dainty","n./adj."
"dangle","n./v."
"daunting","adj."
"dazzle","n./v."
"deadline","n."
"decay","n./v."
"deem","v."
"deify","v."
"Denmark","n."
"depressing","adj."
"deprive","v."
"derive","v."
"descend","v."
"descent","n."
"desirable","adj."
"despair","n./v."
"destined","v./adj."
"detection","n."
"devoid","adj."
"devote","v."
"devoted","adj."
"devour","v."
"dewy","adj."
"diabetes","n."
"diffusely","adv."
"digestion","n."
"digit","n."
"dilate","v."
"dilemma","n."
"diligence","n."
"dime","n."
"dimension","n./v."
"diminish","v."
"din","n./v."
"diner","n."
"directory","n."
"disastrous","adj."
"discard","n./v."
"disclose","v."
"discontented","adj."
"discourse","n./v."
"discriminate","v./adj."
"discrimination","n."
"disguise","n./v."
"disgusting","adj."
"disheartening","v./adj."
"disinterest","n./v."
"dislike","n./v."
"dismiss","v."
"disobey","v."
"disorder","n./v."
"disposable","n./adj."
"disposal","n."
"disrupt","v./adj."
"distaste","n."
"distinction","n."
"distinctive","adj."
"distinctly","adv."
"distraction","n."
"distress","n./v./adj."
"distributor","n."
"dive","n./v."
"diver","n."
"DJ","n./v."
"DNA","n."
"dockside","n./adj."
"doctorate","n."
"dogged","adj."
"doh","n./abbr."
"domesticated","v./adj."
"doom","n./v."
"dorm","n."
"double-decker","n."
"downside","n."
"downturn","n."
"drastically","adv."
"dreaded","v./adj."
"drift","n./v."
"drip","n./v."
"drone","n./v."
"dual","n./adj."
"duality","n."
"due","n./adj."
"dull","v./adj."
"dune","n."
"durable","adj."
"e-commerce","n."
"eagerness","n."
"earbud","n."
"ease","n./v."
"eaves","n."
"echo","n./v."
"ecosystem","n."
"edible","n./adj."
"effectiveness","n."
"elaborate","v./adj."
"elegance","n."
"elevate","v."
"eligible","n./adj."
"eliminate","v."
"elite","n."
"elixir","n."
"elusive","adj."
"emerge","v."
"emergence","n."
"emit","v."
"empathetic","adj."
"empathise","v."
"empirical","adj."
"enchantment","n."
"endanger","v."
"endurance","n."
"endure","v."
"enduring","adj."
"engagement","n."
"enhance","v."
"enjoyable","adj."
"entail","n./v."
"enterprise","n."
"enthusiasm","n."
"entitled","adj."
"entrepreneur","n."
"entrepreneurial","adj."
"entrepreneurship","n."
"envelop","n./v."
"environmentalism","n."
"envision","v."
"ephemeral","adj."
"epic","n./adj."
"equate","v."
"equilibrium","n."
"equivalent","n./adj."
"erase","v."
"eternal","adj."
"evaluate","v."
"evolution","n."
"evolutionary","adj."
"evolve","v."
"exalted","adj."
"exception","n."
"excess","n./adj."
"excessively","adv."
"excite","v."
"execute","v."
"exhale","v."
"exhaustion","n."
"existence","n."
"exo-planet","n."
"expat","n./v."
"exploration","n."
"exquisitely","adv."
"extended","adj."
"exterminator","n."
"extraterrestrial","adj."
"eyebrow","n."
"faculty","n."
"faerie","n./adj."
"faintly","adv."
"fantasist","n."
"fantasy","n./v."
"far-reaching","adj."
"fascinating","v./adj."
"fashionable","adj."
"fattiness","n."
"feasible","adj."
"feat","n./adj."
"fell","n./v./adj."
"feminine","n./adj."
"festivity","n."
"feverish","adj."
"fibre","n."
"fictional","adj."
"filling","n."
"fin","n./v."
"final","n./adj."
"flake","n./v."
"flame","n./v."
"flare","n./v."
"flatten","v."
"fleeting","adj."
"flesh","n./v."
"flip","n./v./adj."
"float","n./v."
"flop","n./v./adv."
"flourishing","v./adj."
"fog","n./v."
"forage","n./v."
"forecast","n./v."
"forefront","n."
"foremost","adj./adv."
"foreshadow","v."
"forestall","v."
"forgiving","adj."
"formalise","v."
"formation","n."
"formidable","adj."
"formula","n."
"formulate","v."
"fossil","n./adj."
"fossilize","v."
"fraction","n."
"fragile","adj."
"fragility","n."
"framework","n."
"frantic","adj."
"frantically","adv."
"free-range","adj."
"freediving","n."
"fretful","adj."
"frontier","n."
"frustrated","v./adj."
"fulfillment","n."
"functional","adj."
"furthermore","adv."
"fuzzy","adj."
"gala","n."
"galaxy","n."
"garrulous","adj."
"gastrin","n."
"gaze","n./v."
"GDP","n."
"gear","n./v."
"gender","n./v."
"generalization","n."
"genetic","adj."
"genial","adj."
"geothermal","adj."
"gland","n."
"glare","n./v."
"glimmer","n./v."
"glitter","n./v."
"glittering","v./adj."
"globalization","n."
"gloom","n./v."
"glory","n./v."
"glucose","n."
"goat","n."
"golden","adj."
"GPS","n./abbr."
"graciously","adv."
"grain","n./v."
"grant","n./v."
"grasp","n./v."
"gratifying","adj."
"grave","n./v./adj."
"gravy","n."
"grief","n."
"grieve","v."
"grill","n./v."
"grimly","adv."
"groan","n./v."
"grotto","n."
"grumpy","adj."
"guardian","n./adj."
"habitable","adj."
"habitat","n."
"ham","n./v./adj."
"handful","n."
"hardship","n."
"harsh","adj."
"hasten","v."
"haunt","n./v."
"hazardous","adj."
"haze","n./v."
"head-to-head","n./adj./adv."
"headlight","n."
"headphones","n."
"headquarters","n."
"heal","v."
"herald","n./v."
"heritage","n."
"hidebound","adj."
"hierarchy","n."
"highway","n."
"hike","n./v."
"historian","n."
"hobbyist","n."
"holdout","n."
"holistic","adj."
"Homer","n."
"honesty","n."
"horizon","n."
"hormone","n."
"horror","n."
"hostile","n./adj."
"hub","n."
"humid","adj."
"humour","n./v."
"hurdle","n./v."
"hydrothermal","adj."
"hyperthyroidism","n."
"iconic","adj."
"identical","adj."
"identify","v."
"ideology","n."
"ignorant","adj."
"illuminate","v."
"illumination","n."
"immediate","adj."
"immense","adj."
"immigration","n."
"immortality","n."
"impetus","n."
"implausibly","adv."
"implore","v."
"imply","v."
"importunity","n."
"impose","v."
"impressively","adv."
"imprint","n./v."
"impulse","n./v."
"inaccessible","adj."
"inaction","n."
"inactivate","v."
"incentive","n./adj."
"inclined","adj."
"inclusion","n."
"incorporate","v./adj."
"increasingly","adv."
"incumbent","n./adj."
"index","n./v."
"indistinguishable","adj."
"individualistic","adj."
"industrial","n./adj."
"inefficiency","n."
"inequality","n."
"inescapable","adj."
"inevitable","n./adj."
"ingredient","n."
"inhabitant","n."
"inherit","v."
"innate","adj."
"innovation","n."
"inquire","v."
"inquiry","n."
"insatiable","adj."
"inscribe","v."
"insight","n."
"insightful","adj."
"instinctive","adj."
"insulin","n."
"insult","n./v."
"integration","n."
"interact","n./v."
"interactive","adj."
"interchange","n./v."
"interior","n./adj."
"intern","n./v."
"internship","n."
"interpret","v."
"interrupt","n./v."
"intervene","v."
"intervention","n."
"intimate","n./v./adj."
"intrinsic","adj."
"intuitively","adv."
"invaluable","adj."
"investigation","n."
"invisible","adj."
"inward","adj./adv."
"irreplaceable","adj."
"iteration","n."
"jagged","adj."
"jargon","n."
"jeer","n./v."
"Josephine","n."
"jot","n./v."
"joyful","adj."
"joyride","n./v."
"Jupiter","n."
"justification","n."
"keenly","adv."
"kidney","n."
"kneel","n./v."
"Kruger","n."
"laborer","n."
"laden","adj."
"latchkey","n."
"latter","n./adj."
"layer","n./v."
"leer","n./v."
"leftover","n./adj."
"legacy","n."
"legitimate","v./adj."
"leptin","n."
"lettuce","n."
"leverage","n./v."
"lexicon","n."
"liberal","n./adj."
"lifeboat","n."
"lifestyle","n."
"linger","v."
"linguistics","n."
"literary","adj."
"LOL","abbr."
"longevity","n."
"loosen","v."
"Louise","n."
"loyal","adj."
"loyalty","n."
"Luc","n./abbr."
"magnetic","adj."
"magnificent","adj."
"Maine","n."
"mainstream","n."
"Mallard","n."
"manipulate","v."
"manual","n./adj."
"marine","n./adj."
"marketable","adj."
"marketing","n."
"marketplace","n."
"mask","n./v."
"Massachusetts","n."
"masterpiece","n."
"mate","n./v."
"maternal","adj."
"maximize","v."
"mayonnaise","n."
"mealy","adj."
"meaningless","adj."
"meanwhile","n./adv."
"medicinal","adj."
"mediocre","adj."
"mediocrity","n."
"meditative","adj."
"melatonin","n."
"Melbourne","n."
"melody","n."
"melt","n./v."
"membrane","n."
"memoir","n."
"memorable","adj."
"menace","n./v."
"mere","n./adj."
"merge","v."
"merit","n./v."
"messy","adj."
"meteor","n."
"metro","n."
"Michigan","n."
"microbe","n."
"midterm","n./adj."
"midway","n./adj./adv."
"migrate","v."
"mild","adj."
"mill","n./v."
"millennial","adj."
"millennium","n."
"Minnesota","n."
"miracle","n."
"mirage","n."
"misdirection","n."
"misinterpretation","n."
"mistaken","v./adj."
"mistakenly","adv."
"mock","n./v./adj./adv."
"mode","n."
"modulate","v."
"moist","adj."
"momentous","adj."
"momentum","n."
"Monet","n."
"monologue","n."
"monstrous","adj."
"monument","n."
"mortal","n./adj."
"mortgage","n./v."
"motivation","n."
"Mozart","n."
"mudflow","n."
"munch","n./v."
"musing","n./v./adj."
"mustache","n."
"mute","n./v./adj."
"mysterious","adj."
"mystery","n."
"mystic","n./adj."
"mystical","adj."
"myth","n."
"nap","n./v."
"narrative","n./adj."
"narrator","n."
"NASA","n."
"navigate","v."
"necessitate","v."
"needful","adj."
"netspeak","n."
"neurobiology","n."
"neutrino","n."
"newsroom","n."
"nightfall","n."
"ninja","n."
"nonetheless","adv./conj."
"nonexistent","adj."
"norm","n."
"Norwegian","n./adj."
"noticeable","adj."
"noxious","adj."
"nutrition","n."
"nutritious","adj."
"oasis","n."
"obesity","n."
"obey","v."
"oblivious","adj."
"observational","adj."
"oddly","adv."
"offspring","n."
"Ohio","n."
"Omega-3","n./adj."
"opponent","n./adj."
"optimal","adj."
"optimist","n."
"optimistic","adj."
"optimize","v."
"orbit","n./v."
"orchard","n."
"orchestra","n."
"orderly","n./adj./adv."
"Oregon","n."
"organ","n."
"organic","n./adj."
"organically","adv."
"originate","v."
"ornament","n./v."
"Oslo","n."
"outfit","n./v."
"outlook","n."
"outperform","v."
"outpouring","n."
"output","n./v."
"overcook","v."
"overeat","v."
"overloaded","v./adj."
"overnight","n./adj./adv."
"overtake","v."
"oxytocin","n."
"packet","n./v."
"painstaking","n./adj."
"pal","n./v."
"Paphos","n."
"paradoxically","adv."
"parallel","n./v./adj."
"parental","adj."
"parlous","adj./adv."
"parody","n./v."
"partake","v."
"participate","v."
"passionate","adj."
"pasture","n./v."
"patch","n./v."
"paycheck","n."
"peculiarity","n."
"pee","n./v."
"peel","n./v."
"penalty","n."
"perception","n."
"peril","n./v."
"periodic","adj."
"periodical","n./adj."
"perk","n./v."
"permanent","n./adj."
"permanently","adv."
"perpetual","adj."
"persist","v."
"persistence","n."
"personalized","adj."
"peruse","v."
"pest","n."
"phenomenon","n."
"photography","n."
"physiology","n."
"Picasso","n."
"pickerelweed","n."
"pierce","n./v."
"piercing","v./adj."
"pinkish","adj."
"pioneering","v./adj."
"planetary","adj."
"plausible","adj."
"plentiful","adj."
"plot","n./v."
"pod","n./v."
"pointedly","adv."
"poised","adj."
"pomp","n."
"pontederia","n."
"popularity","n."
"popularize","v."
"populate","v."
"portrait","n."
"pose","n./v."
"possess","v."
"pre-existing","adj."
"precede","v."
"preconception","n."
"predictable","adj."
"prediction","n."
"predictive","adj."
"prehistoric","adj."
"preparatory","n./adj."
"pretense","n."
"prevalent","adj."
"priceless","adj."
"priority","n."
"privilege","n./v."
"probable","n./adj."
"probe","n./v."
"procedural","adj."
"proceed","v."
"procession","n."
"productivity","n."
"profitability","n."
"profound","adj."
"profusion","n."
"progressive","n./adj."
"prolong","v."
"prominence","n."
"prominent","adj."
"prompt","n./v./adj./adv."
"propel","v."
"property","n."
"propose","v."
"prospect","n./v."
"prosperity","n."
"proverbial","adj."
"prudence","n."
"publication","n."
"publisher","n."
"pulse","n./v."
"punctual","adj."
"purely","adv."
"purity","n."
"purposefully","adv."
"pursue","v."
"puzzle","n./v."
"quantitative","adj."
"queue","n./v."
"quirk","n./v."
"quitter","n."
"quotation","n."
"radioisotope","n."
"ranking","n./adj."
"rational","n./adj."
"realization","n."
"reasonable","adj."
"rebel","n./v./adj."
"recapture","n./v."
"recast","n./v."
"receptor","n."
"recession","n."
"recipient","n./adj."
"recoil","n./v."
"reduction","n."
"refugee","n."
"regarding","v./prep."
"regretfully","adv."
"reign","n./v."
"reinvent","v."
"reliably","adv."
"relieve","v."
"relieved","v./adj."
"remake","n./v."
"remark","n./v."
"remedy","n./v."
"reminisce","v."
"replacement","n."
"repose","n./v."
"representation","n."
"repress","v."
"repression","n."
"reproduce","v."
"reputable","adj."
"requirement","n."
"resign","v."
"resist","n./v."
"resourcefulness","n."
"restore","v."
"restrict","v."
"resurface","v."
"retirement","n."
"retrace","v."
"retrospective","n./adj."
"reunion","n."
"revenue","n."
"revisit","n./v."
"revolutionary","n./adj."
"revolutionize","v."
"rhythm","n."
"Richards","n."
"ridge","n."
"ridiculous","adj."
"rightful","adj."
"rigid","adj."
"rime","n./v."
"riot","n./v."
"roam","n./v."
"roast","n./v./adj."
"robbery","n."
"robotics","n."
"rocky","adj."
"rogue","n./v."
"romance","n./v."
"rotten","adj."
"routinize","v."
"ruin","n./v."
"Russia","n."
"rustle","n./v."
"safekeeping","n."
"sailor","n."
"sake","n."
"salmon","n."
"savage","n./v./adj."
"savvy","n./v."
"Scandinavia","n."
"scattered","adj."
"scenic","n./adj."
"scent","n./v."
"scholar","n."
"scramble","n./v."
"scrap","n./v./adj."
"scrub","n./v./adj."
"scuba","n."
"seasonal","adj."
"sector","n./v."
"self-centered","adj."
"selfie","n."
"semester","n."
"sensible","adj."
"sentiment","n."
"serendipity","n."
"shade","n./v."
"Shakespeare","n."
"shapely","adj."
"shell","n./v."
"shield","n./v."
"shimmer","n./v."
"shimmy","n./v."
"shortage","n."
"shrink","n./v."
"shrug","n./v."
"shudder","n./v."
"sideline","n./v."
"sidewalk","n."
"significance","n."
"similarity","n."
"singular","n./adj."
"sketch","n./v."
"skitter","v."
"skydiver","n."
"slang","n./v."
"slave","n./v."
"slender","adj."
"slipshod","adj."
"sluggish","adj."
"slum","n./v."
"smoky","adj."
"smug","n./adj."
"Snapchat","n."
"snapshot","n."
"sniff","n./v."
"snugly","adv."
"sob","n./v."
"socioeconomic","adj."
"solar","adj."
"sole","n./v./adj."
"solely","adv."
"solitude","n."
"sonar","n."
"sophisticated","adj."
"sorrow","n./v."
"soulful","adj."
"Spanish","n./adj."
"sparkling","adj."
"sparrow","n."
"spawn","n./v."
"specialization","n."
"specialty","n./adj."
"specifically","adv."
"spectacle","n."
"spectator","n."
"spectroscopy","n."
"spectrum","n."
"speculation","n."
"sphere","n./v."
"spice","n./v."
"spiky","adj."
"spill","n./v."
"spire","n./v."
"spiritual","n./adj."
"split","n./v./adj."
"spoil","n./v."
"spontaneous","adj."
"spousal","n./adj."
"spouse","n."
"sprawl","n./v."
"spray","n./v."
"stabilize","v."
"stall","n./v."
"staple","n./v./adj."
"starry","adj."
"start-up","n./adj."
"startling","adj."
"starvation","n."
"stature","n."
"stem","n./v."
"stereotype","n./v."
"stern","n./adj."
"stitch","n./v."
"stretch","n./v./adj."
"strip","n./v."
"stripe","n./v."
"striped","adj."
"stroke","n./v."
"stubble","n."
"stun","n./v."
"subconscious","n./adj."
"subjective","adj."
"subtle","adj."
"succession","n."
"sugary","adj."
"suitcase","n."
"sunrise","n./adj."
"superficial","n./adj."
"superhighway","n."
"supermodel","n."
"supposedly","adv."
"suppress","v."
"supreme","n./adj."
"surge","n./v."
"surgeon","n."
"surgical","n./adj."
"surpass","v."
"surplus","n./adj."
"susceptibility","n."
"sushi","n."
"suspend","v."
"suspension","n."
"sustainability","n."
"sustenance","n."
"swarm","n./v."
"sway","n./v."
"swerve","n./v."
"swirl","n./v."
"Swiss","n./adj."
"symbiotic","adj."
"symphony","n."
"symptom","n."
"tackle","n./v."
"tailor","n./v."
"tangible","n./adj."
"tap","n./v."
"taunt","n./v./adj."
"tease","n./v."
"telling","n./adj."
"temporality","n."
"tempt","v."
"tendency","n."
"tender","n./v./adj."
"terrestrial","n./adj."
"terrific","adj."
"terrify","v."
"territory","n."
"terror","n."
"testament","n."
"testosterone","n."
"therapy","n."
"thiourea","n."
"thirst","n./v."
"thoughtful","adj."
"thread","n./v."
"thrive","v."
"throes","n."
"thyroid","n./adj."
"tick","n./v."
"tilt","n./v."
"time-scale","n."
"timeless","adj."
"timelessness","n."
"tinge","n./v."
"tinsel","n./v./adj."
"tint","n./v."
"toast","n./v."
"tolerant","adj."
"tolerate","v."
"toothbrush","n."
"toothpick","n."
"toss","n./v."
"trace","n./v."
"trade-off","n."
"trail","n./v."
"trait","n."
"transform","v."
"transformation","n."
"transience","n."
"transient","n./adj."
"transition","n./v."
"trap","n./v."
"traverse","n./v./adj."
"trendy","adj."
"triangle","n."
"tribe","n."
"trigger","n./v."
"triumph","n./v."
"trivial","adj."
"tropical","adj."
"trundle","n./v."
"TTFN","abbr."
"tuck","n./v."
"tumour","n."
"tumultuously","adv."
"tuna","n."
"turnover","n./adj."
"tweet","n./v."
"twitter","n./v."
"ultimately","adv."
"unbearable","adj."
"unconscious","adj."
"uncover","v."
"underwater","adj./adv."
"unfiltered","adj."
"unimaginative","adj."
"unintended","adj."
"uniqueness","n."
"universal","n./adj."
"universality","n."
"unlearn","v."
"unparalleled","adj."
"unrecognizable","adj."
"unremarked","adj."
"unrest","n."
"unwind","v."
"unwittingly","adv."
"unworldly","adj."
"urine","n."
"usage","n."
"utility","n./adj."
"utopian","n./adj."
"vacant","adj."
"validity","n."
"vanish","v."
"variation","n."
"veiled","adj."
"velvet","n./adj."
"vent","n./v."
"venture","n./v."
"verbatim","adj./adv."
"Victorian","n./adj."
"Vidin","n."
"Vietnam","n."
"vigorous","adj."
"vintage","n./v./adj."
"virtually","adv."
"visualize","v."
"vocal","n./adj."
"Vodafone","n."
"volcanic","n./adj."
"volition","n."
"Waldorf","n."
"wallpaper","n./v."
"wander","v."
"wardrobe","n."
"warehouse","n./v."
"wares","n./v."
"watercourse","n."
"weaken","v."
"wealthy","adj."
"weave","n./v."
"weep","n./v."
"welfare","n./adj."
"wherever","adv."
"whip","n./v."
"whisperer","n."
"wicker","n./adj."
"wilderness","n."
"willingly","adv."
"windmill","n."
"windup","n./adj."
"wither","v."
"wizard","n./adj."
"workaholism","n."
"workforce","n."
"wormhole","n."
"worrisome","adj."
"wrap","n./v."
"wrapper","n."
"wreck","n./v."
"yoga","n."
"yolk","n."
"yonder","adj./adv./pron."
"youngster","n."
"youthfully","adv."
"zucchini","n."
